Date,Opening,Highest,Lowest,Closing,Wolumen
2004-08-08,3.5583,3.8768,3.53963,3.7176,428869.73840756
2004-08-15,3.66141,3.69883,3.5959,3.68018,319207.13233115
2004-08-22,3.7176,3.79253,3.57715,3.63333,222794.16872736
2004-08-29,3.63333,4.02668,3.63333,4.02668,560903.90710665
2004-09-05,4.16712,4.36374,4.1297,4.16712,1001916.5208027
2004-09-12,4.24196,4.29814,4.1297,4.16712,402247.25306738
2004-09-19,4.20454,4.24196,4.09219,4.09219,281758.28501359
2004-09-26,4.11094,4.18578,4.02668,4.1297,268390.53307144
2004-10-03,4.09219,4.14836,4.02668,4.09219,240686.73517411
2004-10-10,4.1297,4.14836,3.63333,3.7176,508912.32226227
2004-10-17,3.63333,3.75511,3.57715,3.73626,402959.98262481
2004-10-24,3.73626,3.73626,3.44603,3.50221,434479.93820962
2004-10-31,3.4648,3.79253,3.36177,3.79253,525084.15592036
2004-11-07,3.79253,3.84871,3.63333,3.68018,238526.14643001
2004-11-14,3.83005,3.83005,3.73626,3.77378,232421.10867809
2004-11-21,3.83005,3.83005,3.57715,3.61467,269495.26388546
2004-11-28,3.61467,3.63333,3.44603,3.5959,280639.29960842
2004-12-05,3.57715,3.8113,3.52087,3.75511,529656.82512381
2004-12-12,3.79253,3.83005,3.63333,3.63333,367049.61296622
2004-12-19,3.63333,3.7176,3.57715,3.69883,509058.94091408
2004-12-26,3.7176,3.79253,3.57715,3.5959,705655.20748045
2005-01-02,3.61467,3.66141,3.48345,3.5583,481904.96296104
2005-01-09,3.63333,3.63333,3.50221,3.5583,240557.4256687
2005-01-16,3.57715,3.61467,3.44603,3.48345,358705.58621886
2005-01-23,3.52087,3.52087,3.16514,3.1838,411840.59291039
2005-01-30,3.16514,3.39919,2.931,3.36177,1037051.0334287
2005-02-06,3.3431,3.38052,3.21198,3.28683,268511.6970962
2005-02-13,3.26807,3.28683,3.21198,3.23065,278298.4921048
2005-02-20,3.24941,3.53963,3.21198,3.42738,1197676.8574167
2005-02-27,3.38052,3.5583,3.3431,3.4648,553551.5926292
2005-03-06,3.4648,3.4648,3.30559,3.36177,259228.90370321
2005-03-13,3.36177,3.36177,3.24941,3.24941,207034.70002749
2005-03-20,3.28683,3.28683,3.07145,3.10887,210998.49455188
2005-03-27,3.10887,3.23065,3.03402,3.21198,166473.26091412
2005-04-03,3.21198,3.28683,3.21198,3.26807,97269.257257784
2005-04-10,3.26807,3.26807,3.0902,3.14639,176274.31051388
2005-04-17,3.14639,3.21198,3.07145,3.10887,115043.71423503
2005-04-24,3.05279,3.05279,2.89358,2.94976,230348.08385104
2005-05-01,3.01537,3.01537,2.73438,2.85606,224635.04735569
2005-05-08,2.87482,2.94976,2.75313,2.78112,185901.2504646
2005-05-15,2.73438,2.78112,2.5845,2.73438,301292.16581259
2005-05-22,2.69696,2.78112,2.5845,2.71571,303435.4454103
2005-05-29,2.73438,2.89358,2.67819,2.87482,229688.29991788
2005-06-05,2.87482,2.87482,2.73438,2.75313,161670.48188213
2005-06-12,2.78112,2.96842,2.75313,2.87482,455667.35158188
2005-06-19,2.91234,2.931,2.78112,2.79989,358872.56857232
2005-06-26,2.78112,2.85606,2.73438,2.8374,193974.43998011
2005-07-03,2.79989,3.14639,2.75313,3.12772,2524611.2928137
2005-07-10,3.16514,3.24941,2.931,3.0902,1813602.4681719
2005-07-17,3.12772,3.1838,3.01537,3.05279,499288.43686677
2005-07-24,3.01537,3.0902,2.96842,2.9966,169009.55995349
2005-07-31,2.9966,3.10887,2.931,3.05279,397666.43838326
2005-08-07,2.9966,3.01537,2.67819,2.73438,936143.80087281
2005-08-14,2.71571,2.71571,2.5845,2.60326,668716.47088899
2005-08-21,2.5845,2.60326,2.42529,2.60326,471628.42092798
2005-08-28,2.62192,2.78112,2.56574,2.71571,545880.58622109
2005-09-04,2.69696,2.73438,2.64068,2.65954,358880.71405298
2005-09-11,2.62192,2.69696,2.54709,2.60326,141678.4177962
2005-09-18,2.5845,2.60326,2.48148,2.54709,148975.7502792
2005-09-25,2.54709,2.62192,2.50033,2.51899,311026.01519693
2005-10-02,2.54709,2.69696,2.51899,2.5845,415395.07703181
2005-10-09,2.65954,2.96842,2.56574,2.79989,1900944.4208798
2005-10-16,2.79989,2.96842,2.71571,2.79989,848425.1196846
2005-10-23,2.89358,2.96842,2.79989,2.81864,573436.74728153
2005-10-30,2.81864,2.9966,2.78112,2.8374,467764.40854163
2005-11-06,2.81864,2.91234,2.73438,2.87482,256279.22152053
2005-11-13,2.8374,2.85606,2.65954,2.67819,322901.1078088
2005-11-20,2.65954,2.67819,2.48148,2.65954,418552.46897122
2005-11-27,2.69696,2.69696,2.60326,2.64068,528478.78498388
2005-12-04,2.65954,2.67819,2.56574,2.64068,344714.7050065
2005-12-11,2.64068,2.64068,2.54709,2.60326,414760.7477257
2005-12-18,2.62192,2.69696,2.5845,2.62192,382290.82545932
2005-12-25,2.64068,2.79989,2.60326,2.71571,1001142.7001403
2006-01-01,2.67819,2.71571,2.5845,2.60326,585840.27795097
2006-01-08,2.60326,3.03402,2.5845,2.9966,1701663.200252
2006-01-15,2.9966,3.26807,2.89358,3.16514,2377852.1314581
2006-01-22,3.12772,3.39919,3.01537,3.07145,1995090.9044909
2006-01-29,3.03402,3.1838,2.96842,3.01537,989942.66423784
2006-02-05,2.9966,3.24941,2.85606,3.12772,1991946.7489575
2006-02-12,3.16514,3.4648,3.03402,3.32425,2625675.3258723
2006-02-19,3.26807,3.44603,3.0902,3.12772,1526111.8011465
2006-02-26,3.21198,3.21198,3.0902,3.12772,473263.62616974
2006-03-05,3.12772,3.16514,2.78112,2.89358,561333.58121127
2006-03-12,2.89358,2.94976,2.69696,2.79989,435668.16020038
2006-03-19,2.78112,2.87482,2.67819,2.87482,482865.11149341
2006-03-26,2.87482,3.05279,2.8374,2.931,630531.47575712
2006-04-02,2.931,3.01537,2.85606,2.9966,531300.17584623
2006-04-09,3.05279,3.0902,2.931,2.96842,762968.84574868
2006-04-16,2.96842,3.03402,2.85606,2.89358,418646.14199877
2006-04-23,2.85606,3.26807,2.75313,3.1838,1443683.6096445
2006-04-30,3.14639,3.24941,2.96842,2.9966,832165.72210945
2006-05-07,3.26807,4.00791,3.21198,3.75511,3722133.3860979
2006-05-14,3.83005,3.83005,3.39919,3.61467,1609488.9411447
2006-05-21,3.61467,3.83005,3.4648,3.53963,1140115.8001735
2006-05-28,3.5583,3.5583,2.5845,3.03402,1151800.4921751
2006-06-04,3.03402,3.26807,2.78112,3.26807,2227867.3597626
2006-06-11,3.28683,3.50221,2.96842,2.9966,1419191.1674959
2006-06-18,2.94976,3.05279,2.26609,2.79989,1087648.7228958
2006-06-25,2.85606,2.87482,2.60326,2.67819,342958.33573998
2006-07-02,2.73438,2.79989,2.64068,2.78112,272631.27393815
2006-07-09,2.79989,3.07145,2.73438,3.01537,547259.20882218
2006-07-16,2.94976,3.01537,2.5845,2.75313,1435412.8922231
2006-07-23,2.75313,2.75313,2.33169,2.46281,2080882.1613188
2006-07-30,2.48148,2.48148,2.28485,2.33169,1114394.4086309
2006-08-06,2.30351,2.38788,2.24743,2.28485,723801.30201263
2006-08-13,2.30351,2.33169,1.91969,2.0508,1563753.0854445
2006-08-20,2.03205,2.03205,1.95711,2.01338,392410.56698976
2006-08-27,2.03205,2.15373,1.99463,2.06947,425270.45414255
2006-09-03,2.0508,2.06947,1.95711,2.01338,218543.24600983
2006-10-29,1.88227,2.48148,1.88227,2.31304,5056372.2812736
2006-11-05,2.34093,2.34093,2.00386,2.15373,1585545.3007554
2006-11-12,2.15373,2.30351,1.92902,2.08823,3504522.7976232
2006-11-19,2.07889,2.17249,1.99463,2.09766,1444069.5017905
2006-11-26,2.10688,2.17249,2.02262,2.08823,1124633.277816
2006-12-03,2.08823,2.17249,2.06024,2.11631,700101.0078579
2006-12-10,2.08823,2.11631,2.04138,2.0508,423037.57425763
2006-12-17,2.0508,2.10688,1.83542,1.95711,569970.84526225
2006-12-24,1.95711,1.96644,1.66679,1.68555,1508085.8524539
2006-12-31,1.68555,1.76058,1.68555,1.69497,228684.36942698
2007-01-07,1.76058,1.77925,1.68555,1.71364,195518.0085645
2007-01-14,1.68555,1.68555,1.6387,1.64813,241568.48345517
2007-01-21,1.6387,1.97587,1.5451,1.88227,1735631.8909592
2007-01-28,1.88227,1.95711,1.798,1.88227,602445.85845402
2007-02-04,1.83542,1.91969,1.77925,1.87284,302325.62367087
2007-02-11,1.83542,1.87284,1.76058,1.798,225995.3426253
2007-02-18,1.76058,1.81667,1.60128,1.67622,350649.70584973
2007-02-25,1.68555,1.74173,1.6387,1.72307,470907.5458899
2007-03-04,1.72307,1.73239,1.5451,1.5451,711030.20652856
2007-03-11,1.56387,1.60128,1.48883,1.59185,240740.69898346
2007-03-18,1.59185,1.77925,1.51701,1.74173,960372.53308513
2007-03-25,1.76058,1.80724,1.66679,1.76981,1024934.6309525
2007-04-01,1.798,1.798,1.68555,1.72307,446789.79585154
2007-04-08,1.73239,2.21001,1.72307,2.03205,3259932.3408445
2007-04-15,2.06947,2.06947,1.91969,1.93835,616186.2661362
2007-04-22,1.9852,2.01338,1.75106,1.86341,566157.74213
2007-04-29,1.81667,1.86341,1.67622,1.69497,699429.00570375
2007-05-06,1.70421,1.77925,1.68555,1.74173,96819.219451522
2007-05-13,1.75106,1.82599,1.55443,1.62937,597539.22454365
2007-05-20,1.62937,1.67622,1.56387,1.62937,170703.81993002
2007-05-27,1.62937,1.72307,1.60128,1.68555,838952.94386635
2007-06-03,1.85408,1.85408,1.73239,1.78848,1075816.3940574
2007-06-10,1.83542,2.26609,1.82599,2.25676,3459522.0715521
2007-06-17,2.28485,2.82808,2.27552,2.62192,7208612.9258824
2007-06-24,2.62192,2.97795,2.54709,2.92157,2937692.035154
2007-07-01,2.9966,3.05279,2.27552,2.56574,3756949.2067934
2007-07-08,2.67819,3.60524,2.64068,3.45546,6100615.7741219
2007-07-15,3.5583,4.32622,3.01537,4.1297,5952543.1540104
2007-07-22,4.68215,6.08672,4.35431,4.96304,6295197.0524108
2007-07-29,4.63531,5.14092,4.02668,4.38251,1070346.7037966
2007-08-05,4.30757,4.8226,4.02668,4.12027,856647.98240718
2007-08-12,4.12027,4.13893,3.32425,3.38052,617983.36280601
2007-08-19,3.36177,3.53963,2.62192,3.1838,544310.54482459
2007-08-26,3.41794,4.02668,3.41794,3.88613,934602.26865861
2007-09-02,3.90489,4.12027,3.5583,3.75511,399112.26119976
2007-09-09,3.69883,3.84871,3.32425,3.65209,273661.67724118
2007-09-16,3.41794,3.83005,3.41794,3.64266,182862.98617977
2007-09-23,3.56782,3.74569,3.4648,3.52087,271681.3072566
2007-09-30,3.5304,3.5304,3.27749,3.32425,172055.96971897
2007-10-07,3.3711,5.09416,3.14639,3.99849,3529047.8216944
2007-10-14,3.9705,4.9162,3.83928,4.38251,1453855.2786141
2007-10-21,4.28881,4.44801,3.9423,4.10151,490881.28264435
2007-10-28,4.08285,4.45734,3.95174,4.04543,589410.03484862
2007-11-04,4.12027,4.57913,3.95174,4.48543,515718.88953571
2007-11-11,4.55104,4.90687,3.66141,3.66141,1007385.1928783
2007-11-18,3.73626,3.90489,3.23998,3.4648,347074.85802667
2007-11-25,3.5583,3.5583,2.29427,2.94033,435940.01561727
2007-12-02,3.1838,3.23065,2.80921,2.94976,484427.00740927
2007-12-09,2.95899,3.06211,2.80921,2.92157,402683.03628249
2007-12-16,2.94976,3.3711,2.86549,3.00584,850367.81682114
2007-12-23,2.9966,3.17447,2.80921,2.86549,695643.39356871
2007-12-30,2.95899,2.95899,2.66877,2.76247,246071.91607304
2008-01-06,2.77179,2.97795,2.75313,2.80921,105489.06542513
2008-01-13,2.80921,3.08078,2.76247,2.80921,282478.14186658
2008-01-20,2.8374,2.85606,2.38788,2.69696,183126.69611603
2008-01-27,2.54709,2.62192,2.30351,2.45339,245744.06047663
2008-02-03,2.43472,2.65954,2.35046,2.51899,209460.01689292
2008-02-10,2.56574,2.61268,2.3973,2.47214,410811.20779244
2008-02-17,2.44406,2.61268,2.41597,2.45339,223503.84372954
2008-02-24,2.48148,2.75313,2.30351,2.35988,637703.57147502
2008-03-02,2.43472,2.56574,2.06024,2.21001,1104594.3772163
2008-03-09,2.16317,2.21934,1.77925,1.83542,328705.78096153
2008-03-16,1.86341,2.30351,1.73239,1.91969,1179825.0183732
2008-03-23,1.8915,2.0508,1.84476,1.95711,174665.57808424
2008-03-30,1.97587,2.04138,1.86341,1.8915,364844.2240785
2008-04-06,1.87284,1.96644,1.86341,1.88227,178992.86468292
2008-04-13,1.88227,3.65209,1.87284,2.88415,7298300.7770192
2008-04-20,2.89358,3.0902,2.35988,2.65954,3549725.1243406
2008-04-27,2.71571,2.76247,2.3973,2.47214,822344.30880805
2008-05-04,2.40654,2.78112,2.34093,2.38788,569525.8983814
2008-05-11,1.82599,2.2381,1.77925,2.15373,10136056.928186
2008-05-18,2.18182,2.18182,1.91036,1.99463,1752448.2357742
2008-05-25,2.06947,2.06947,1.88227,1.92902,513133.7176124
2008-06-01,1.96644,2.12565,1.91036,2.01338,641131.80064628
2008-06-08,2.00386,2.00386,1.76058,1.78848,671892.19015989
2008-06-15,1.76058,1.76981,1.46094,1.62937,1030803.4497653
2008-06-22,1.62937,1.78848,1.48883,1.66679,1383336.7980169
2008-06-29,1.64813,1.73239,1.40456,1.48883,887190.48031324
2008-07-06,1.47017,1.50758,1.2923,1.2923,609192.35280765
2008-07-13,1.25478,1.30163,1.08615,1.11434,1709406.497801
2008-07-20,1.08615,1.15176,0.786595,1.06748,7204501.4945211
2008-07-27,1.07692,1.18917,0.992646,1.07692,4858380.0829598
2008-08-03,1.105,1.31096,1.02074,1.24545,5103567.1961964
2008-08-10,1.23602,1.34847,1.09567,1.14252,5386232.6841181
2008-08-17,1.18917,1.18917,1.11434,1.13309,901936.85485648
2008-08-24,1.17051,1.64813,1.17051,1.53577,11422858.580389
2008-08-31,1.50758,1.6387,1.3859,1.4514,6407745.1950098
2008-09-07,1.40456,1.55443,1.37656,1.39533,4010181.0003633
2008-09-14,1.42342,1.4514,1.21737,1.26421,3088385.4636667
2008-09-21,1.21737,1.23602,1.04873,1.15176,4389499.7435681
2008-09-28,1.17995,1.25478,1.07692,1.16118,4246646.3401873
2008-10-05,1.17051,1.17995,1.00198,1.11434,3474346.8463468
2008-10-12,1.0394,1.07692,0.758506,0.814685,4122877.7979842
2008-10-19,0.861533,0.917711,0.702328,0.730417,3438568.8407488
2008-10-26,0.758506,0.796024,0.599302,0.636721,2353700.781312
2008-11-02,0.608632,0.758506,0.589873,0.692998,3951677.1037342
2008-11-09,0.683667,0.945898,0.65548,0.796024,6131935.1472455
2008-11-16,0.852104,0.861533,0.674141,0.702328,1783664.7722046
2008-11-23,0.692998,0.711658,0.608632,0.64615,687208.74834906
2008-11-30,0.65548,0.973792,0.64615,0.936372,5028087.0996944
2008-12-07,0.95513,1.15176,0.870863,1.12367,10073849.892413
2008-12-14,1.1986,1.4514,0.95513,0.983319,16730264.39364
2008-12-21,1.03006,1.18917,0.945898,0.992646,11779412.741529
2008-12-28,1.03006,1.03006,0.898952,0.917711,1125923.318315
2009-01-04,0.927041,1.04873,0.927041,1.02074,2050795.8103295
2009-01-11,1.04873,1.11434,0.973792,1.03006,3735544.9199986
2009-01-18,1.00198,1.05816,0.936372,0.964559,2093168.6007038
2009-01-25,0.983319,0.992646,0.833443,0.861533,1896994.8809465
2009-02-01,0.852104,0.889524,0.833443,0.861533,641647.00229778
2009-02-08,0.861533,0.95513,0.730417,0.945898,2339523.5722297
2009-02-15,0.964559,1.02074,0.870863,0.889524,3395237.9382123
2009-02-22,0.945898,1.0394,0.786595,0.833443,7875374.4814137
2009-03-01,0.852104,0.880291,0.814685,0.814685,1420955.6822431
2009-03-08,0.824015,0.833443,0.767837,0.777265,905952.57682006
2009-03-15,0.777265,0.842872,0.749078,0.805354,1460939.810415
2009-03-22,0.805354,0.936372,0.786595,0.917711,2486877.3536731
2009-03-29,0.936372,1.05816,0.880291,0.983319,7610747.1604055
2009-04-05,0.983319,1.0394,0.927041,0.992646,2661891.1510555
2009-04-12,1.03006,1.14252,0.964559,1.12367,4171540.9357955
2009-04-19,1.11434,1.31096,1.09567,1.31096,4308147.773698
2009-04-26,1.47017,1.57319,1.18917,1.21737,13032256.903062
2009-05-03,1.18917,1.20793,1.07692,1.13309,2458507.6627322
2009-05-10,1.14252,1.36714,1.12367,1.20793,7711832.5753509
2009-05-17,1.24545,1.26421,1.14252,1.17995,2028057.7010773
2009-05-24,1.17995,1.2923,1.13309,1.13309,1965381.281982
2009-05-31,1.14252,1.21737,1.11434,1.16118,1264458.5987629
2009-06-07,1.16118,1.27344,1.12367,1.21737,3121874.5892002
2009-06-14,1.1986,1.28296,1.18917,1.22669,1361509.9644131
2009-06-21,1.23602,1.27344,1.20793,1.25478,1288736.2038591
2009-06-28,1.25478,1.25478,1.105,1.18917,1084776.4227793
2009-07-05,1.18917,1.34847,1.17051,1.2923,3807549.9508157
2009-07-12,1.26421,1.3859,1.22669,1.36714,1802771.0152691
2009-07-19,1.33905,1.42342,1.28296,1.33905,2379960.792763
2009-07-26,1.32972,1.39533,1.32039,1.36714,1155089.22999
2009-08-02,1.37656,1.77925,1.32039,1.6387,4760936.7160529
2009-08-09,1.62004,1.65746,1.47959,1.52635,3132920.8791552
2009-08-16,1.5451,1.58262,1.4514,1.49836,1803590.6542602
2009-08-23,1.47017,1.50758,1.43275,1.47017,731718.70921061
2009-08-30,1.47017,1.53577,1.4514,1.47959,1562838.7552408
2009-09-06,1.37656,1.41398,1.17051,1.21737,1998456.0061871
2009-09-13,1.23602,1.32039,1.21737,1.24545,851990.80384192
2009-09-20,1.23602,1.26421,1.17051,1.24545,1429975.7838849
2009-09-27,1.23602,1.4514,1.21737,1.37656,2961744.6213472
2009-10-04,1.31096,1.59185,1.25478,1.47017,10532059.652145
2009-10-11,1.49836,1.57319,1.33905,1.39533,3052466.9485274
2009-10-18,1.40456,1.61071,1.36714,1.56387,4326971.9794948
2009-10-25,1.55443,1.58262,1.39533,1.47017,3513705.8088782
2009-11-01,1.48883,1.48883,1.39533,1.4514,575395.73537937
2009-11-08,1.4514,1.53577,1.35781,1.35781,1734407.0143055
2009-11-15,1.3859,1.39533,1.33905,1.3859,671100.04216606
2009-11-22,1.3859,1.42342,1.31096,1.33905,967469.28310696
2009-11-29,1.35781,1.35781,1.21737,1.30163,532455.81591435
2009-12-06,1.31096,1.42342,1.31096,1.35781,771171.34476964
2009-12-13,1.35781,1.35781,1.28296,1.32972,369642.93037018
2009-12-20,1.31096,1.32972,1.23602,1.23602,353885.49804047
2009-12-27,1.23602,1.23602,1.15176,1.17995,714280.25331044
2010-01-03,1.17995,1.24545,1.15176,1.21737,480331.86700929
2010-01-10,1.24545,1.32039,1.21737,1.26421,570772.1569218
2010-01-17,1.27344,1.2923,1.22669,1.27344,295859.13021481
2010-01-24,1.2923,1.31096,1.20793,1.23602,693890.07885743
2010-01-31,1.21737,1.22669,1.16118,1.1986,389382.48455575
2010-02-07,1.17995,1.22669,1.09567,1.15176,472570.24212888
2010-02-14,1.13309,1.17051,1.09567,1.12367,343497.97383346
2010-02-21,1.09567,1.18917,1.09567,1.17051,563682.53419554
2010-02-28,1.17995,1.18917,1.13309,1.17051,452477.37771982
2010-03-07,1.17995,1.1986,1.13309,1.16118,348342.49845382
2010-03-14,1.16118,1.25478,1.14252,1.20793,908306.62072974
2010-03-21,1.21737,1.33905,1.1986,1.26421,1425135.3320049
2010-03-28,1.27344,1.35781,1.1986,1.21737,2417392.3309342
2010-04-04,1.21737,1.22669,1.12367,1.17995,1061078.1649948
2010-04-11,1.18917,1.1986,1.105,1.14252,1018886.6115651
2010-04-18,1.11434,1.18917,1.105,1.16118,2220719.7004867
2010-04-25,1.14252,1.16118,1.105,1.14252,731499.79941796
2010-05-02,1.15176,1.16118,1.08615,1.12367,970233.65560472
2010-05-09,1.12367,1.12367,1.05816,1.07692,601708.69245462
2010-05-16,1.08615,1.22669,1.06748,1.17051,2800894.7966411
2010-05-23,1.15176,1.21737,1.105,1.14252,866712.74194319
2010-05-30,1.11434,1.1986,1.105,1.1986,729379.93807715
2010-06-06,1.1986,1.1986,1.12367,1.15176,463747.66839297
2010-06-13,1.14252,1.27344,1.11434,1.26421,2098103.7437965
2010-06-20,1.26421,1.27344,1.20793,1.25478,816956.07335388
2010-06-27,1.25478,1.46094,1.25478,1.3859,3783334.4550094
2010-07-04,1.3859,1.4514,1.25478,1.33905,2462978.5134275
2010-07-11,1.33905,1.36714,1.28296,1.32039,658417.52878412
2010-07-18,1.30163,1.39533,1.2923,1.34847,666315.59046553
2010-07-25,1.32972,1.4514,1.31096,1.43275,1504476.386338
2010-08-01,1.4514,1.49836,1.40456,1.4514,1340715.5704825
2010-08-08,1.4514,1.6387,1.44207,1.58262,2317593.9019326
2010-08-15,1.59185,2.08823,1.59185,1.85408,8927994.582932
2010-08-22,1.96644,2.31304,1.87284,2.01338,13386403.056483
2010-08-29,2.10688,2.30351,1.99463,2.25676,5921554.6910384
2010-09-05,2.28485,3.36177,2.24743,2.9966,18200557.252218
2010-09-12,3.09953,3.22122,2.80921,2.90291,6795239.9644234
2010-09-19,2.931,2.931,2.20068,2.48148,13083795.395544
2010-09-26,2.57517,3.16514,2.52832,2.86549,14541307.994973
2010-10-03,2.86549,3.04336,2.76247,2.79989,3962174.5919301
2010-10-10,2.73438,2.82808,2.5845,2.61268,3027432.8319151
2010-10-17,2.61268,2.71571,2.37855,2.46281,3427789.3152852
2010-10-24,2.47214,2.68753,2.24743,2.50966,4505765.2799017
2010-10-31,2.57517,2.57517,2.20068,2.24743,3720311.8529862
2010-11-07,2.24743,2.42529,2.2381,2.38788,1364501.3921841
2010-11-14,2.52832,2.57517,2.44406,2.52832,2318774.9966278
2010-11-21,2.55641,2.95899,2.4908,2.75313,4838410.4189455
2010-11-28,2.84673,2.90291,2.65011,2.72495,1900000.5633087
2010-12-05,2.73438,2.7437,2.52832,2.66877,1209460.3133712
2010-12-12,2.67819,2.70619,2.52832,2.61268,904826.46411932
2010-12-19,2.62192,2.68753,2.56574,2.62192,999430.1128323
2010-12-26,2.62192,3.03402,2.62192,2.89358,3894304.4107311
2011-01-02,2.89358,2.9966,2.84673,2.90291,1267798.245832
2011-01-09,2.91234,3.09953,2.84673,3.02459,2436282.7187614
2011-01-16,3.01537,3.27749,2.86549,3.23065,2830008.7808771
2011-01-23,3.31501,4.25139,3.23065,4.03591,11944527.743544
2011-01-30,4.12027,5.24403,4.10151,4.86002,19221955.726381
2011-02-06,4.73823,5.23461,4.33556,4.68215,11684161.527105
2011-02-13,4.71958,6.07748,4.69149,5.7683,15975693.538448
2011-02-20,5.91818,7.49137,5.67471,7.28532,15491061.875837
2011-02-27,7.39777,7.63191,4.92552,6.08672,28392612.323547
2011-03-06,6.00254,6.06795,5.20652,5.7683,10740443.447406
2011-03-13,5.78716,7.01385,5.63729,6.57365,16799989.708059
2011-03-20,6.54557,6.99509,6.27401,6.62051,7652491.7305843
2011-03-27,6.74229,7.48204,6.69544,7.38835,7533315.2031012
2011-04-03,7.45394,7.94079,7.44462,7.77226,6939559.5543225
2011-04-10,7.80968,8.06258,7.59439,7.80035,6783545.090571
2011-04-17,7.86595,8.47459,7.67876,8.42774,6322449.7943168
2011-04-24,8.61514,9.1674,8.16561,9.08244,10063778.005582
2011-05-01,9.13017,9.25234,8.1,8.51211,6760197.0884547
2011-05-08,8.3529,8.61514,7.71618,8.33424,6703652.1799235
2011-05-15,8.33424,8.87717,8.32471,8.5401,4674074.3285187
2011-05-22,8.6994,8.78366,7.73484,8.52144,7746593.4140518
2011-05-29,8.38099,8.39032,7.78169,8.0064,3614846.2058179
2011-06-05,8.24045,8.43717,7.91281,7.95956,3925252.1462999
2011-06-12,7.86595,8.1,6.76105,7.39777,5509128.6417059
2011-06-19,7.39777,7.85663,7.04194,7.20114,3018989.0230298
2011-06-26,7.12611,7.12611,6.40513,6.6486,2515571.8456554
2011-07-03,6.48006,7.13554,5.8621,6.92958,8163576.8598117
2011-07-10,6.93892,6.98566,6.08672,6.4614,4682148.5362192
2011-07-17,6.48939,7.11688,6.24592,6.72354,4529786.3023572
2011-07-24,6.62051,6.81723,6.36761,6.6486,2337373.1653364
2011-07-31,6.6486,6.73286,6.18973,6.36761,2121795.8924705
2011-08-07,6.51748,6.51748,3.75511,4.35431,15996920.661038
2011-08-14,4.35431,5.30954,4.1297,5.05664,21288030.422052
2011-08-21,5.15024,5.15024,4.09219,4.44801,5850189.0804529
2011-08-28,4.49486,5.03789,4.43859,4.85069,5465283.5557028
2011-09-04,4.90687,5.03789,4.29814,4.56037,5114380.3217677
2011-09-11,4.33556,4.46677,4.11094,4.11094,2354616.1297008
2011-09-18,3.83928,3.93298,3.38986,3.82052,4492717.2380752
2011-09-25,3.60524,3.73626,2.9966,3.27749,3451017.1715619
2011-10-02,3.10887,3.52087,3.09953,3.35244,3637496.751153
2011-10-09,3.24941,3.6239,3.06211,3.61467,2929014.0436998
2011-10-16,3.6239,4.07342,3.6239,3.83005,4314595.9398226
2011-10-23,3.89546,4.18578,3.67075,4.1577,2740734.3128835
2011-10-30,4.37308,5.48751,4.36374,5.3563,13150756.337465
2011-11-06,5.29069,5.55292,4.62588,5.22518,9501604.4216776
2011-11-13,5.24403,5.50617,4.79451,5.15024,4482649.4239839
2011-11-20,5.44056,5.55292,5.11282,5.17843,4464822.0213825
2011-11-27,5.14092,5.14092,4.33556,4.8226,4202136.3793258
2011-12-04,4.97238,5.15024,4.72901,4.757,3897190.9654388
2011-12-11,4.88811,4.88811,4.48543,4.68215,1512738.9582788
2011-12-18,4.71034,4.71958,4.54162,4.57913,984067.73631444
2011-12-25,4.57913,5.06607,4.50419,4.80384,4048509.5595917
2012-01-01,4.81317,4.95362,4.61655,4.93496,2341852.1615123
2012-01-08,4.90687,5.03789,4.71958,4.80384,1216378.8810036
2012-01-15,4.78518,4.99103,4.71034,4.80384,1616899.2921719
2012-01-22,4.71034,4.95362,4.71034,4.90687,1757634.8705822
2012-01-29,4.89754,6.07748,4.87878,5.7028,10094083.266363
2012-02-05,5.68413,5.97435,5.47808,5.81515,4502846.1432714
2012-02-12,5.81515,6.03996,5.25327,5.53426,5056805.0099334
2012-02-19,5.56244,5.69336,5.1691,5.56244,4485486.0876225
2012-02-26,5.65594,5.66537,5.44999,5.53426,1303879.6705843
2012-03-04,5.55292,5.57168,5.21585,5.34706,1009716.8367162
2012-03-11,5.32831,5.7683,5.0099,5.7028,2756825.7099202
2012-03-18,5.73088,6.3022,5.48751,6.16175,4375076.1336959
2012-03-25,6.26477,6.26477,5.59033,5.94636,3481053.6314821
2012-04-01,6.03053,6.51748,5.93693,6.48006,3847926.0802441
2012-04-08,6.53623,6.555,5.72155,6.1149,3373088.3399375
2012-04-15,6.13356,6.21783,5.61852,5.94636,2121707.3103684
2012-04-22,5.8621,6.15232,5.38448,5.53426,4017568.9513187
2012-04-29,5.43123,5.43123,4.60721,5.03789,6332454.480933
2012-05-06,5.13158,5.30954,4.73823,4.73823,1393999.232196
2012-05-13,4.54162,4.98181,4.46677,4.80384,2374599.030121
2012-05-20,4.78518,4.78518,4.10151,4.49486,3020931.7201664
2012-05-27,4.51352,4.59789,3.96107,4.21387,2053054.1448415
2012-06-03,4.30757,4.38251,4.16712,4.34509,960779.80711794
2012-06-10,4.27948,4.44801,4.14836,4.40116,880900.13287639
2012-06-17,4.49486,4.54162,4.17635,4.35431,3545827.5118465
2012-06-24,4.40116,4.8226,4.3169,4.69149,1992947.6248932
2012-07-01,4.65397,4.80384,4.41992,4.80384,1019136.0669102
2012-07-08,4.77565,4.77565,4.35431,4.36374,1294652.8773708
2012-07-15,4.33556,4.56037,4.1297,4.40116,1248351.92895
2012-07-22,4.4106,4.49486,4.27015,4.45734,593501.10250827
2012-07-29,4.35431,4.42935,4.23273,4.27948,626662.37244535
2012-08-05,4.24196,4.29814,4.1297,4.25139,427867.84428683
2012-08-12,4.27948,4.41992,4.17635,4.29814,322737.18001059
2012-08-19,4.26071,4.34509,4.23273,4.27015,202854.03208062
2012-08-26,4.2232,4.30757,4.21387,4.2232,263775.10009453
2012-09-02,4.23273,4.28881,3.93298,4.16712,969500.56234565
2012-09-09,4.16712,4.25139,3.96107,4.16712,676464.85936335
2012-09-16,4.16712,4.58846,4.10151,4.56037,1513558.5972699
2012-09-23,4.58846,4.76642,4.48543,4.74776,944201.71761211
2012-09-30,4.74776,5.07531,4.68215,4.87878,1118630.0585722
2012-10-07,4.84126,5.10349,4.74776,5.05664,875253.27841137
2012-10-14,5.05664,5.1691,4.88811,5.13158,1655879.4898529
2012-10-21,5.14092,5.29069,5.09416,5.1691,1165872.828194
2012-10-28,4.78518,5.1691,4.757,4.77565,1017112.9331521
2012-11-04,4.76642,5.04741,4.757,5.04741,299473.68725606
2012-11-11,5.05664,5.05664,4.84126,4.85069,325814.13532853
2012-11-18,4.85069,5.38448,4.8226,5.33763,1656087.1996096
2012-11-25,5.38448,5.79649,5.38448,5.65594,1129716.0577455
2012-12-02,5.66537,5.97435,5.61852,5.69336,1263924.0515948
2012-12-09,5.71222,5.85257,5.46875,5.80582,865595.79290819
2012-12-16,5.80582,6.08672,5.75897,5.87133,1448178.8967817
2012-12-23,5.85257,5.99302,5.72155,5.74964,921649.93622993
2012-12-30,5.69336,5.87133,5.69336,5.80582,395250.28518357
2013-01-06,5.81515,6.36761,5.81515,6.21783,888383.7932294
2013-01-13,6.21783,6.43321,6.08672,6.08672,1146943.7493337
2013-01-20,6.14289,6.28343,5.71222,6.27401,1627711.3995581
2013-01-27,6.27401,6.32085,6.15232,6.19917,548603.21313047
2013-02-03,6.19917,6.35827,5.92761,6.32085,619447.51295399
2013-02-10,6.36761,6.74229,6.34894,6.50805,2644971.9695471
2013-02-17,6.4614,7.04194,6.4614,6.85464,1771095.2773667
2013-02-24,6.88274,7.00443,6.57365,6.87331,951642.6141917
2013-03-03,6.88274,6.94824,6.60184,6.78905,485170.28251917
2013-03-10,6.78905,7.34159,6.75162,7.21038,1191270.4368805
2013-03-17,7.25733,7.38835,6.85464,7.1543,779500.09874074
2013-03-24,6.98566,7.1543,6.22716,6.53623,2007982.1458147
2013-03-31,6.555,6.72354,6.15232,6.43321,564576.50069759
2013-04-07,6.36761,6.48939,5.90875,6.37704,609771.70011932
2013-04-14,6.52681,6.61117,6.22716,6.48006,484148.02469679
2013-04-21,6.52681,6.52681,5.93693,6.23659,407688.43414582
2013-04-28,6.23659,6.76105,6.09614,6.72354,490219.46234102
2013-05-05,6.72354,7.0606,6.72354,6.93892,441382.2148808
2013-05-12,6.89206,7.41653,6.74229,7.3135,988856.26075529
2013-05-19,7.22924,7.25733,6.74229,7.19172,567097.52696072
2013-05-26,7.2479,7.95956,7.19172,7.86595,1346231.079072
2013-06-02,7.95956,8.24045,7.70676,8.23122,988361.42280543
2013-06-09,8.22178,8.28729,7.95023,8.1937,460104.60216942
2013-06-16,8.18436,9.02685,8.14695,8.89603,1255492.4609304
2013-06-23,8.89603,8.94278,7.67876,7.96898,1247170.8342548
2013-06-30,8.0064,8.75558,8.0064,8.66198,654591.1892458
2013-07-07,8.65256,8.68997,8.14695,8.52144,457340.22967167
2013-07-14,8.47459,8.87717,8.33424,8.72739,461496.46117658
2013-07-21,8.78366,9.13017,8.52144,8.98962,946632.12540294
2013-07-28,9.09196,9.24282,8.74625,9.2056,629829.94623558
2013-08-04,9.23329,10.3006,9.22377,9.72024,1954949.9758165
2013-08-11,9.5513,10.0198,9.45898,9.99225,1122211.0155058
2013-08-18,10.0011,10.6748,9.85184,10.5727,1167780.9070377
2013-08-25,10.6287,11.3496,10.066,11.3211,1443317.0630149
2013-09-01,11.3211,11.8544,10.2074,11.5834,2057227.6854927
2013-09-08,11.5176,11.8829,10.226,11.6403,3661068.7539874
2013-09-15,11.7051,12.8749,11.3496,12.8749,2003547.9497824
2013-09-22,12.923,13.1007,12.3415,12.8847,1115778.1221574
2013-09-29,12.8749,13.859,12.6509,13.859,1048077.9778673
2013-10-06,13.859,14.2056,13.3247,13.9533,901298.45281004
2013-10-13,13.9533,13.9906,12.5478,13.5506,2424228.4255751
2013-10-20,13.4847,13.6714,12.596,13.2972,1071734.4900635
2013-10-27,13.3532,14.1114,13.3532,13.9533,1187231.29666
2013-11-03,14.0367,14.74,13.7745,14.514,909176.15078981
2013-11-10,14.7959,14.9836,14.2342,14.514,862264.29131974
2013-11-17,14.9364,14.9639,14.1497,14.6094,418595.23274467
2013-11-24,14.7017,15.6387,14.0456,15.451,1003418.3437987
2013-12-01,15.5728,16.059,14.7017,15.6848,2353636.6356518
2013-12-08,15.8065,15.8065,14.2519,15.2172,791454.60978902
2013-12-15,15.3106,15.5443,14.4207,14.6094,557487.8961564
2013-12-22,14.5996,15.8713,14.2519,15.8262,2012764.561145
2013-12-29,15.9008,16.6217,15.9008,16.4813,467243.09777963
2014-01-05,16.4813,16.4813,16.1346,16.1906,551310.56726363
2014-01-12,16.2937,16.2937,15.451,15.7319,755523.87642878
2014-01-19,15.8164,16.7151,15.675,16.1631,1147477.2783167
2014-01-26,16.1532,17.2307,16.1248,17.1835,1464782.4409146
2014-02-02,17.1364,17.2385,16.4352,17.1737,633968.86859409
2014-02-09,17.1737,17.3141,16.5471,16.7995,655287.62784192
2014-02-16,16.8555,17.1177,15.7319,16.5373,832540.41421964
2014-02-23,16.6217,16.6679,16.0128,16.1532,556044.10971006
2014-03-02,16.1444,16.387,15.5168,16.387,1179523.6355889
2014-03-09,15.9185,16.3409,14.3275,15.8713,1625873.575485
2014-03-16,15.8713,16.1248,12.1363,12.1363,4806736.7174134
2014-03-23,12.1737,14.4679,12.1737,14.0456,3478120.2402608
2014-03-30,14.2803,14.7478,13.9533,14.4207,1336998.1767479
2014-04-06,14.5238,15.0758,14.3461,14.7674,931759.49590953
2014-04-13,14.514,14.5799,13.7656,13.8314,450961.30013267
2014-04-20,13.7656,13.7656,13.307,13.69,431339.8554166
2014-04-27,13.9994,14.2902,13.5869,13.9533,235283.2269437
2014-05-04,13.9533,14.1114,13.7656,13.7656,151344.04878004
2014-05-11,13.8963,14.0191,12.6509,13.0624,926686.89783079
2014-05-18,13.0526,13.5693,12.754,13.1184,252639.20985222
2014-05-25,13.1763,14.299,13.1184,13.7273,481528.2344807
2014-06-01,13.8875,14.2342,13.7656,14.2342,241434.08302434
2014-06-08,14.3275,15.9755,14.2803,15.451,1469361.2192285
2014-06-15,15.8713,15.8713,15.067,15.0758,634166.39650001
2014-06-22,15.0022,15.8439,14.5238,15.6661,267881.44053042
2014-06-29,15.451,15.5345,13.9435,14.0456,623538.58061364
2014-07-06,14.1212,14.4394,13.3816,14.1114,248137.81360451
2014-07-13,14.1398,14.514,13.9533,13.9994,169837.3444252
2014-07-20,14.1771,14.3736,13.4386,14.2803,276438.26795991
2014-07-27,14.2803,14.7576,14.0456,14.6369,425423.18190484
2014-08-03,14.6643,14.7203,13.9994,14.1015,467862.15430951
2014-08-10,14.0456,14.514,13.0163,13.5781,485916.61218431
2014-08-17,13.7273,14.3275,13.5869,14.3275,133775.26518937
2014-08-24,14.3275,15.2172,14.187,15.0297,584582.81937466
2014-08-31,15.0484,15.0572,14.187,14.514,283520.7633906
2014-09-07,14.5425,15.0572,14.4207,14.9639,440516.75756105
2014-09-14,14.9924,15.8262,14.9168,15.5541,626476.04457533
2014-09-21,15.5541,16.1346,15.3106,15.6946,449969.58786276
2014-09-28,15.9185,15.9666,15.451,15.5345,157019.41242735
2014-10-05,15.5443,15.6848,15.292,15.6387,255519.65544932
2014-10-12,15.7319,15.9096,14.4306,15.3577,180945.74367029
2014-10-19,15.5345,15.5345,14.3373,15.123,828344.47349655
2014-10-26,15.1416,15.6387,15.123,15.5924,215140.47146564
2014-11-02,15.6199,15.7133,15.451,15.6387,282305.05040264
2014-11-09,15.5443,15.9283,15.451,15.5168,430322.68851964
2014-11-16,15.6387,15.6387,15.0857,15.3951,111386.39342032
2014-11-23,15.3951,16.9497,15.1701,16.8093,1391329.5509109
2014-11-30,16.9213,17.0618,16.3124,16.4165,527496.23637972
2014-12-07,16.4165,17.212,16.1248,16.2937,790153.36925417
2014-12-14,16.5746,16.6217,14.6094,14.9836,1743546.2436019
2014-12-21,14.9836,15.6387,14.6172,15.1603,482439.51012912
2014-12-28,15.2359,15.4039,15.0758,15.3293,301210.71100602
2015-01-04,15.3293,16.004,15.2635,15.7319,296246.04054599
2015-01-11,15.7791,15.9008,15.451,15.7791,203392.65198902
2015-01-18,15.8713,15.8713,14.9639,14.9836,484666.28090356
2015-01-25,15.1701,15.5443,14.7959,15.2635,503838.70599844
2015-02-01,15.5345,15.5345,14.8332,15.1701,758269.92159505
2015-02-08,15.4039,15.4235,14.8883,15.3666,321287.28445376
2015-02-15,15.3577,15.4039,14.9924,15.2447,160569.82380843
2015-02-22,15.3204,15.7319,15.2447,15.3764,250939.85895029
2015-03-01,15.4039,16.6679,15.4039,16.5274,751293.3174129
2015-03-08,16.5274,17.7925,16.3782,17.6058,1000634.6257844
2015-03-15,17.6058,17.7925,16.9497,17.3337,934818.12389601
2015-03-22,17.3337,17.6786,17.155,17.155,552163.80636239
2015-03-29,17.155,18.5408,17.155,17.9702,1196344.0531443
2015-04-05,18.0724,19.852,17.9702,19.5711,1565829.1648268
2015-04-12,19.7115,20.1898,19.1969,19.2902,1259520.4011149
2015-04-19,19.6192,20.3018,19.3933,19.8893,1464414.8761
2015-04-26,19.8893,20.124,18.2688,18.7284,1047928.3046603
2015-05-03,18.7284,19.7675,18.3542,19.3746,802520.24526067
2015-05-10,19.4306,19.7675,19.0093,19.4218,691016.76055591
2015-05-17,19.7871,24.1037,19.4778,23.1304,4334084.0022928
2015-05-24,23.589,24.2441,20.676,22.2583,5239790.1783231
2015-05-31,21.9695,22.6983,21.1346,22.6983,1579608.263542
2015-06-07,22.4743,22.4743,19.3,19.8707,1453575.2777166
2015-06-14,19.2431,24.1508,18.4102,21.1258,5714187.0444891
2015-06-21,20.7418,22.8288,20.6289,22.1934,2083245.3688942
2015-06-28,22.3152,23.3071,22.0245,22.8485,1013882.2318868
2015-07-05,21.6317,23.1206,21.3508,22.9427,1190741.9988229
2015-07-12,22.4743,24.0654,22.1276,23.8788,1103325.7186041
2015-07-19,24.2068,25.0966,23.6077,24.9836,1568673.973946
2015-07-26,25.0966,25.2174,23.973,24.581,827379.23403876
2015-08-02,24.581,24.908,24.2068,24.8148,735209.04767186
2015-08-09,25.0033,25.9206,24.7214,25.3775,1267160.8619706
2015-08-16,25.6014,26.2948,25.4709,25.9305,844333.03383986
2015-08-23,25.9766,25.9864,24.908,25.2744,1000143.8605748
2015-08-30,24.357,25.7801,20.6112,21.8742,5200074.8510129
2015-09-06,21.9872,24.2068,21.9116,24.0477,1458156.0924007
2015-09-13,24.0477,24.0477,22.493,23.1677,1160987.5761703
2015-09-20,23.4093,24.908,22.7935,24.2156,1917555.0923082
2015-09-27,24.3001,25.3775,24.3001,25.0966,1533790.9530352
2015-10-04,25.2832,25.3019,23.8788,24.908,1080692.4824153
2015-10-11,24.9836,25.7517,24.1881,25.1055,2477050.8494465
2015-10-18,25.2832,25.3775,24.8422,25.3205,735209.04767185
2015-10-25,25.2832,25.2832,24.4494,24.8619,642638.71456771
2015-11-01,24.7695,25.3402,24.7214,24.908,547083.06280298
2015-11-08,25.2361,25.4424,24.8148,24.8619,926778.53448818
2015-11-15,25.1801,25.1801,20.9766,21.0512,1541219.6313938
2015-11-22,21.0688,22.6708,20.0955,21.0688,1450912.723727
2015-11-29,21.1729,22.4272,19.9738,21.7721,1199926.0282629
2015-12-06,22.0068,22.0068,20.62,21.3606,851063.23723217
2015-12-13,21.8182,21.8555,20.8351,20.9766,673708.63234627
2015-12-20,20.9766,21.444,20.6574,21.1631,699005.44070963
2015-12-27,21.1729,22.4272,21.1729,21.6778,595863.29189861
2016-01-03,21.6876,21.7534,20.7133,20.7418,965210.94859501
2016-01-10,20.7418,21.0688,18.8492,19.3373,1321686.7094841
2016-01-17,18.9435,21.0688,18.8316,20.2733,1281021.4154925
2016-01-24,19.8805,20.2547,19.3835,19.8982,635818.91088817
2016-01-31,20.1613,22.0068,20.0297,21.6218,1258080.6874089
2016-02-07,21.828,21.828,20.8911,21.0787,778833.187512
2016-02-14,21.1631,21.444,20.0857,20.1427,736843.23472852
2016-02-21,20.508,21.3969,19.4394,20.8823,836593.80903126
2016-02-28,21.0688,22.1747,20.7506,21.5373,1005161.4766591
2016-03-06,21.8555,23.2983,21.2653,23.1864,1520645.1654409
2016-03-13,23.1304,23.4849,21.444,23.2708,2447033.7350427
2016-03-20,23.373,23.3926,22.0618,23.3926,884711.19963846
2016-03-27,23.3642,23.3926,23.0351,23.3926,528348.45729339
2016-04-03,23.3926,24.3943,23.3169,23.7383,1236429.9998244
2016-04-10,23.8316,24.525,23.6538,24.3472,1312350.9704669
2016-04-17,24.3472,24.3472,23.4388,24.2068,926158.45977321
2016-04-24,24.2529,24.4308,23.7855,24.2912,636139.63918901
2016-05-01,24.3276,24.3276,23.6352,23.8316,684913.75917415
2016-05-08,23.8041,24.0939,22.4095,22.8023,601341.12764001
2016-05-15,22.8485,24.1793,22.8485,24.0556,1027410.8570719
2016-05-22,24.0654,25.3775,24.0556,24.8422,1231279.0014942
2016-05-29,24.8148,25.9963,24.75,25.9864,897388.622095
2016-06-05,25.9864,26.3704,24.3276,24.8619,1096765.5521205
2016-06-12,24.5339,26.0787,24.5339,25.5641,836113.22567253
2016-06-19,25.6113,25.6113,23.5134,25.0033,1460635.3730754
2016-06-26,25.0033,25.8922,22.9427,25.2086,1431689.389378
2016-07-03,24.908,25.9206,24.5535,25.7045,1064638.7582267
2016-07-10,25.461,27.11,25.2832,26.6032,1133219.6326129
2016-07-17,26.6877,29.0291,26.4068,29.0291,1478631.7944005
2016-07-24,28.8415,31.5571,28.6078,30.9207,1634983.277414
2016-07-31,30.902,32.6247,30.4248,32.5864,1159262.7706413
2016-08-07,32.5864,33.1954,29.7863,30.4807,1683181.1046427
2016-08-14,30.6683,33.271,30.6683,33.1688,1507774.2878188
2016-08-21,33.1865,34.0478,32.3899,34.0105,1132113.8836138
2016-08-28,34.0478,38.3831,33.8986,38.3005,2557617.7986184
2016-09-04,38.8613,40.2668,37.9901,40.0703,2343819.2950908
2016-09-11,40.3964,41.6712,38.7857,39.7982,2615329.5472536
2016-09-18,39.4142,40.641,37.0817,38.8613,965582.58614994
2016-09-25,38.8613,39.7423,36.6141,36.7075,726404.80126741
2016-10-02,36.7075,38.0186,35.8176,37.3262,1756295.9571992
2016-10-09,38.0657,38.6747,35.8648,36.5209,1094132.5254983
2016-10-16,36.9883,37.448,36.239,37.0915,397213.34602175
2016-10-23,36.5209,37.448,36.4835,37.4196,879486.8919825
2016-10-30,37.4569,38.1404,36.0239,37.0355,790501.58855223
2016-11-06,37.1298,37.6346,36.5758,37.0355,385864.65509729
2016-11-13,36.9883,38.056,36.5307,37.0355,385047.05247641
2016-11-20,37.176,37.4755,35.8844,37.4569,1096810.352264
2016-11-27,37.4569,46.7645,37.1298,45.8758,2384578.2621101
2016-12-04,45.8944,50.5664,44.4801,48.3753,2217637.6542433
2016-12-11,48.9754,51.0349,46.1006,48.2349,1324937.7744511
2016-12-18,48.5069,50.2482,47.5886,48.3753,797045.46407451
2016-12-25,48.1317,49.162,46.962,48.9843,2393656.4003016
2017-01-01,48.8811,49.434,48.4126,48.8811,548855.72303082
2017-01-08,48.8811,49.4527,48.1317,48.8811,362501.38020472
2017-01-15,48.9273,52.5612,48.2544,50.483,1230673.1813705
2017-01-22,50.483,54.772,50.483,54.7238,1022880.9516419
2017-01-29,54.8839,56.6537,53.5728,55.484,987772.911828
2017-02-05,55.2492,56.0262,53.8448,55.0342,741375.17652871
2017-02-12,55.0617,63.0505,55.0617,62.4219,1233095.4436807
2017-02-19,62.7401,65.6521,62.7401,64.8006,808626.30119767
2017-02-26,65.0717,72.8169,64.8939,66.486,1536945.2904193
2017-03-05,66.486,71.1119,61.8973,68.3589,2047444.9632246
2017-03-12,68.3589,69.6327,64.2486,68.5268,1127723.46954
2017-03-19,69.015,72.1038,67.5919,72.1038,1070478.0496723
2017-03-26,72.1038,72.479,67.8905,70.8869,871341.41132615
2017-04-02,69.7732,72.3758,67.8905,69.4824,958167.14419741
2017-04-09,70.1287,70.1287,66.0184,67.4229,567866.25669767
2017-04-16,67.2354,67.4229,58.2546,60.6795,2309240.7115195
2017-04-23,61.149,67.3286,60.8957,62.468,1035306.8823832
2017-04-30,63.022,63.8175,59.4636,63.4796,1172387.1763489
2017-05-07,64.1171,66.6735,61.8326,63.1241,579971.45913808
2017-05-14,63.6761,64.8006,61.4485,63.022,700865.66485452
2017-05-21,64.4254,64.4254,60.3996,61.9819,1010065.0560143
2017-05-28,62.2716,71.0745,62.2716,68.3589,1849242.0005986
2017-06-04,69.1662,78.7529,68.6064,77.9072,2332091.8393158
2017-06-11,78.364,78.857,72.9671,78.1165,1313548.3561234
2017-06-18,77.8974,80.6533,76.0539,78.4769,1085913.735516
2017-06-25,79.6172,80.2821,78.3826,79.4462,777881.18446029
2017-07-02,79.1899,82.5252,79.1899,81.7454,613466.69378206
2017-07-09,81.7454,81.8025,74.126,75.722,1196969.2187847
2017-07-16,75.9126,79.5228,75.9126,77.7648,546466.04264326
2017-07-23,78.5152,83.6076,77.0616,82.6579,640630.8535859
2017-07-30,82.6579,84.083,79.8548,82.4486,490610.44541253
2017-08-06,83.6076,83.6076,80.7574,81.0619,495826.60758784
2017-08-13,81.8977,82.4486,78.9523,79.8067,437234.12885655
2017-08-20,79.8067,82.8474,79.0662,82.1835,376172.55130133
2017-08-27,81.8977,82.6579,79.903,80.6621,690888.46923558
2017-09-03,80.6621,80.7486,76.0451,79.9972,1077357.9262716
2017-09-10,79.903,90.4963,77.3376,89.9267,2453725.2474019
2017-09-17,91.3979,104.137,91.3979,98.7051,3664854.3661225
2017-09-24,98.6658,111.159,98.2435,108.31,1920684.9932504
2017-10-01,108.507,110.678,104.745,110.451,1060708.56381
2017-10-08,110.451,111.109,107.642,109.931,813455.55304182
2017-10-15,109.931,117.808,108.408,111.925,2217807.691152
2017-10-22,113.349,113.82,104.745,106.886,1639932.6750979
2017-10-29,106.886,114.488,106.69,112.583,1353701.5030189
2017-11-05,112.583,115.431,111.306,113.251,1064415.7756937
2017-11-12,113.251,121.609,112.583,118.662,1396801.2775418
2017-11-19,117.808,117.808,93.1186,105.747,4223683.212032
2017-11-26,106.415,110.019,91.2084,99.7558,3130342.8345275
2017-12-03,99.7558,103.655,87.5607,91.9686,10649159.08206
2017-12-10,90.2587,95.2921,86.6571,89.3089,2871110.876269
2017-12-17,89.3089,94.6291,83.7029,91.6837,2725772.0831029
2017-12-24,92.1581,96.7143,89.5083,95.1487,1262227.7552481
2017-12-31,95.2921,97.8605,91.6169,92.1581,1043399.4174153
2018-01-07,92.824,95.0063,92.3957,94.0586,553144.31859639
2018-01-14,94.4386,102.988,92.8711,101.661,1390892.7495107
2018-01-21,103.086,117.238,100.424,115.244,2388625.5478113
2018-01-28,115.814,115.814,105.551,109.066,1108723.1177239
2018-02-04,109.263,112.769,106.975,107.741,818582.11492991
2018-02-11,105.462,108.88,96.7143,100.895,1761253.5003637
2018-02-18,103.754,106.13,100.993,105.266,1165265.9898851
2018-02-25,105.178,105.364,101.563,103.174,368537.18137108
2018-03-04,104.225,104.323,98.1452,100.61,758882.86901443
2018-03-11,100.708,105.845,94.6763,104.038,1144599.8872748
2018-03-18,104.323,109.734,101.759,103.754,2041300.2162543
2018-03-25,104.883,110.215,101.946,105.462,1334588.1326587
2018-04-01,105.934,109.449,103.174,103.94,713119.52231691
2018-04-08,103.469,115.058,102.329,114.39,1638485.8340963
2018-04-15,114.017,121.039,112.681,116.01,1442727.5338524
2018-04-22,116.01,117.336,111.345,113.535,889253.32328948
2018-04-29,113.918,115.342,109.636,110.215,922195.68343391
2018-05-06,110.402,123.317,110.402,118.662,1085712.1348698
2018-05-13,120.096,140.426,119.045,137.765,2514799.0431781
2018-05-20,138.246,141.468,128.729,133.011,2027480.3901357
2018-05-27,134.907,141.085,133.964,137.48,1237539.8215638
2018-06-03,137.765,142.037,134.062,142.037,1055822.2936013
2018-06-10,143.275,151.731,141.664,142.695,1451103.1243373
2018-06-17,151.829,163.89,133.395,159.617,3715418.4554819
2018-06-24,160.658,163.801,153.253,158.007,1500729.4652362
2018-07-01,158.665,159.902,147.075,153.724,1295045.8968126
2018-07-08,151.731,171.875,151.25,167.887,1254062.9290752
2018-07-15,167.887,182.413,166.836,182.413,1770978.1860823
2018-07-22,183.365,200.651,181.274,194.386,2330913.7991759
2018-07-29,196.664,207.123,192.676,206.74,1078489.1298977
2018-08-05,206.171,209.972,175.96,187.167,1599118.7260841
2018-08-12,189.828,204.452,187.452,192.862,937097.8402947
2018-08-19,190.967,204.079,189.357,193.059,723585.44677524
2018-08-26,194.955,203.892,193.245,196.104,696469.14167025
2018-09-02,196.86,211.298,193.245,195.721,1496999.8532807
2018-09-09,196.104,198.372,164.371,164.843,1869383.7378917
2018-09-16,162.465,177.767,159.421,172.916,1302973.4858614
2018-09-23,172.916,189.74,171.206,184.033,3122071.0989209
2018-09-30,186.401,187.933,174.34,177.954,1088137.4517352
2018-10-07,179.477,184.691,166.267,173.201,1251930.8495134
2018-10-14,171.109,171.109,139.375,154.863,2935837.9201197
2018-10-21,158.567,160.383,145.553,149.168,1540100.6459886
2018-10-28,151.063,151.063,128.268,135.771,2390642.5724588
2018-11-04,136.9,161.326,136.341,156.102,2228638.1258697
2018-11-11,155.816,161.896,140.612,142.332,1815014.6908807
2018-11-18,141.566,143.844,122.473,125.793,2058086.0155169
2018-11-25,125.793,134.446,118.102,133.198,2408773.3942147
2018-12-02,134.907,136.812,125.988,135.103,1512346.9570222
2018-12-09,141.37,148.785,135.673,136.812,2202833.2431504
2018-12-16,135.103,138.992,133.011,136.439,1024351.2109004
2018-12-23,136.999,148.971,128.641,143.461,2022560.5198193
2018-12-30,148.214,149.168,136.056,138.334,550115.21797732
2019-01-06,138.148,143.746,135.005,143.176,615258.69952646
2019-01-13,144.414,168.26,143.943,156.858,2234522.2174588
2019-01-20,155.816,166.267,150.876,165.216,1468748.2718091
2019-01-27,165.127,191.35,162.18,180.321,2773095.2893461
2019-02-03,178.514,189.062,175.96,180.518,1504962.0606222
2019-02-10,180.518,183.365,167.789,169.399,1614296.8111022
2019-02-17,171.394,176.52,164.744,173.387,1286491.1057531
2019-02-24,174.811,175.675,166.267,169.399,1082922.3077449
2019-03-03,169.399,185.271,169.399,183.365,1138929.614553
2019-03-10,182.413,184.033,173.485,173.868,701470.46679325
2019-03-17,172.916,177.669,167.69,176.804,1351485.9322803
2019-03-24,176.804,181.274,173.485,176.618,834831.33065425
2019-03-31,175.577,194.386,173.967,190.024,1857970.901307
2019-04-07,190.967,209.5,189.543,193.825,2336049.5247298
2019-04-14,194.955,204.079,192.391,198.098,1482337.9880992
2019-04-21,198.569,203.608,186.311,191.92,1000250.7700084
2019-04-28,192.862,201.898,192.862,201.034,769820.21316576
2019-05-05,201.898,205.886,199.521,202.184,532719.5258506
2019-05-12,199.806,208.537,197.715,201.515,931499.85871362
2019-05-19,201.515,202.743,195.053,200.562,1120291.7366261
2019-05-26,199.905,213.674,192.018,207.496,1958977.916001
2019-06-02,208.076,210.915,195.318,198.372,2087910.6929402
2019-06-09,199.237,209.638,188.443,209.539,1578302.9502669
2019-06-16,221.571,222.435,195.701,199.04,3371226.0794225
2019-06-23,199.04,200.376,191.498,193.413,1686026.9319471
2019-06-30,195.603,208.685,192.166,205.533,2445255.9838894
2019-07-07,208.4,208.685,200.189,207.065,1067712.6589894
2019-07-14,205.916,209.638,202.477,207.349,1293631.6377336
2019-07-21,207.349,215.658,206.682,212.888,1040877.3729671
2019-07-28,212.888,217.083,209.353,214.027,1074098.7158239
2019-08-04,214.794,221.571,212.221,215.275,1181459.2054299
2019-08-11,214.794,215.747,202.006,208.499,1479313.9784055
2019-08-18,209.736,222.238,207.821,220.805,1365491.0680838
2019-08-25,220.805,230.548,218.615,229.497,1528723.4458819
2019-09-01,225.293,248.02,224.154,241.528,2253861.6249072
2019-09-08,241.528,244.101,235.222,243.915,1140881.4753553
2019-09-15,245.152,249.827,236.273,237.422,1346026.4238704
2019-09-22,237.226,242.098,229.88,233.032,1316081.6006075
2019-09-29,233.032,237.707,225.676,233.985,748170.54376626
2019-10-06,234.456,234.456,222.435,227.876,1030898.140978
2019-10-13,228.927,229.978,219.567,226.245,896678.9470928
2019-10-20,227.394,237.039,222.14,224.34,795109.89423354
2019-10-27,226.727,233.405,220.618,231.402,809292.19424134
2019-11-03,231.5,245.339,231.402,240.664,865089.7549224
2019-11-10,245.152,255.749,241.715,248.972,1218035.4681321
2019-11-17,250.779,254.699,244.867,250.593,1052553.9194879
2019-11-24,252.882,256.702,248.206,253.933,876703.1739682
2019-12-01,254.885,256.987,249.159,250.593,1003957.9818922
2019-12-08,252.026,252.882,242.284,249.444,1102144.6239088
2019-12-15,250.494,252.026,240.949,242.952,864044.07884314
2019-12-22,243.433,259.658,241.047,257.851,1322242.638539
2019-12-29,259.658,272.072,257.939,265.1,510854.00121371
2020-01-05,264.627,276.658,264.53,273.025,598637.84624719
2020-01-12,274.076,279.419,264.725,272.072,939452.90238945
2020-01-19,274.743,278.565,231.982,254.414,3964048.052481
2020-01-26,256.515,272.74,254.983,263.478,2604702.7495523
2020-02-02,264.53,268.831,256.132,268.831,1884035.4212222
2020-02-09,267.869,306.054,266.818,294.789,2733482.7987292
2020-02-16,296.803,311.976,294.416,311.21,1281912.3274392
2020-02-23,312.742,320.757,308.353,315.984,1038972.3486786
2020-03-01,312.742,315.032,249.738,265.866,3255443.1628179
2020-03-08,274.842,292.982,259.658,279.9,2621577.1309171
2020-03-15,253.933,271.12,195.888,232.836,4742573.7480983
2020-03-22,225.204,270.452,211.926,254.414,4195208.6480276
2020-03-29,245.437,274.645,238.66,266.347,1921713.3601833
2020-04-05,267.299,284.29,260.807,283.524,1682459.2114196
2020-04-12,291.165,318.754,279.714,314.079,2051028.9747133
2020-04-19,315.984,329.253,309.875,324.096,1713113.7096846
2020-04-26,323.625,356.468,318.852,346.921,1488571.3171714
2020-05-03,350.831,357.037,335.459,341.382,1298271.5071524
2020-05-10,335.076,348.443,332.788,338.799,1334319.3317971
2020-05-17,341.765,362.38,338.042,354.268,1589003.0572941
2020-05-24,358.373,382.042,354.17,375.56,1431554.9889472
2020-05-31,377.466,398.748,363.716,385.48,2593039.4394375
2020-06-07,386.629,389.203,368.018,372.879,1719231.9838427
2020-06-14,368.587,375.364,336.225,362.095,1536478.9616518
2020-06-21,357.99,378.517,356.085,374.883,1855850.0217811
2020-06-28,372.309,397.609,370.404,377.368,1729452.5256962
2020-07-05,376.13,391.216,372.309,387.582,1188254.5726675
2020-07-12,391.216,391.884,361.81,362.763,1426952.7923764
2020-07-19,365.631,367.919,335.175,354.17,2178296.0008583
2020-07-26,355.122,379.951,355.034,370.404,1864329.4671444
2020-08-02,370.404,392.169,365.72,383.761,2336786.6907291
2020-08-09,381.856,412.027,381.286,407.627,2418846.2992314
2020-08-16,407.627,415.269,388.535,392.07,1261059.896959
2020-08-23,392.07,396.558,383.191,390.636,1125499.7533208
2020-08-30,395.409,441.04,388.535,425.768,1759186.5846472
2020-09-06,425.768,430.541,392.935,408.59,1989492.9229098
2020-09-13,410.593,420.326,406.39,410.681,1932530.5584949
2020-09-20,413.363,414.787,378.802,383.859,2534236.1963943
2020-09-27,383.761,391.403,367.821,391.403,2216509.5051725
2020-10-04,395.223,414.984,359.895,379.185,3126525.6586549
2020-10-11,384.724,391.884,349.111,361.044,2558352.9282475
2020-10-18,360.857,379.656,350.349,361.427,2176294.2489869
2020-10-25,364.296,366.584,336.697,337.463,2720907.1947809
2020-11-01,338.416,362.763,305.485,320.187,4165298.4430574
2020-11-08,328.015,378.232,325.913,365.72,3085884.8011052
2020-11-15,371.357,382.907,337.463,346.921,2631615.417641
2020-11-22,353.217,361.614,342.904,355.319,1618719.8070986
2020-11-29,360.376,371.357,336.608,346.243,1917098.9453915
2020-12-06,349.396,423.38,349.396,422.909,3680040.5966211
2020-12-13,426.249,443.141,294.318,305.966,11234630.777011
2020-12-20,252.98,302.431,227.68,259.088,16395990.158465
2020-12-27,248.206,263.39,236.754,256.8,5922980.1501533
2021-01-03,252.98,272.259,245.437,262.241,2485766.5137487
2021-01-10,263.959,266.347,223.574,229.016,4867138.5110354
2021-01-17,229.114,264.53,229.114,244.582,4350195.7630311
2021-01-24,245.339,248.687,228.161,238.758,3556979.6930502
2021-01-31,240.566,359.424,238.944,291.352,20909388.771927
2021-02-07,291.647,301.665,269.588,280.097,4101638.4571728
2021-02-14,283.524,284.29,248.491,251.074,3125232.5636007
2021-02-21,248.206,270.638,246.586,253.363,1906466.0385797
2021-02-28,254.316,256.034,223.574,225.872,3782099.3965049
2021-03-07,226.628,234.751,214.981,221.472,3760812.2009946
2021-03-14,224.242,226.727,197.233,216.228,4964083.9854372
2021-03-21,220.52,225.391,208.017,213.075,3219599.9933746
2021-03-28,210.973,212.309,198.657,202.379,2916262.2937323
2021-04-04,208.116,240.192,173.269,185.752,8717995.9461308
2021-04-11,189.956,191.881,173.367,176.019,3661114.5723162
2021-04-18,177.276,183.768,167.062,168.741,3487252.3422616
2021-04-25,170.823,176.706,159.716,163.379,3145236.8459076
2021-05-02,165.609,171.59,157.614,166.217,3116556.6085167
2021-05-09,167.268,167.828,147.606,154.137,2710603.1617506
2021-05-16,155.611,163.035,144.227,157.398,3585030.6920605
2021-05-23,159.421,169.93,157.997,165.156,3962982.0127001
2021-05-30,164.194,174.664,154.274,170.48,3360865.0280276
2021-06-06,171.875,171.875,149.874,168.142,4197879.3474977
2021-06-13,167.612,183.169,164.135,182.481,2760768.1225578
2021-06-20,182.874,207.869,175.037,180.576,5336747.8709457
2021-06-27,180.576,182.639,169.95,176.51,2131966.5432551
2021-07-04,176.412,189.788,174.879,186.803,2349458.0040752
2021-07-11,189.18,190.437,183.483,184.642,1560685.2937923
2021-07-18,186.803,202.469,186.704,190.672,2502938.2051574
2021-07-25,190.143,190.771,177.178,182.953,1830392.3401748
2021-08-01,185.527,185.919,173.642,181.44,2211589.634856
2021-08-08,180.203,180.203,169.576,171.011,1992219.6225595
2021-08-15,171.875,172.11,161.149,165.884,1381323.8461096
2021-08-22,165.884,168.476,161.444,162.78,1523678.3388003
2021-08-29,163.193,167.847,160.285,164.783,1288943.9136158
2021-09-05,164.881,189.513,161.464,183.68,3708455.0877057
2021-09-12,183.994,185.821,173.446,178.18,1855798.0943419
2021-09-19,179.004,195.858,178.258,191.517,2998467.5027012
2021-09-26,188.689,192.99,179.732,180.733,1848415.234312
2021-10-03,182.088,191.91,174.035,186.155,1488868.6272154
2021-10-10,184.76,193.776,179.241,191.38,2101021.8622416
2021-10-17,191.282,208.214,184.662,184.76,2885894.9236604
2021-10-24,185.428,194.051,172.621,180.989,2440700.6238324
2021-10-31,182.187,185.134,169.497,170.774,1568476.44604
2021-11-07,173.053,179.928,167.612,175.627,1240256.3393627
2021-11-14,175.627,183.935,175.037,181.5,748277.45319988
2021-11-21,181.421,186.469,174.821,185.625,1373841.2039417
2021-11-28,185.625,197.41,177.865,182.206,2921720.7839571
2021-12-05,183.66,195.25,172.169,178.219,3001572.9672015
2021-12-12,178.848,186.293,174.879,175.351,1384736.8025046
2021-12-19,175.469,185.683,169.832,185.585,2343854.9315687
2021-12-26,180.949,194.326,180.773,191.105,1209600.8229125
2022-01-02,187.765,193.737,184.839,189.455,902670.96630063
2022-01-09,189.435,200.357,188.924,195.092,2081351.5446416
2022-01-16,195.053,196.094,182.678,187.588,1855154.6013701
2022-01-23,188.08,204.384,180.871,182.678,2948995.9259349
2022-01-30,181.695,184.151,163.133,163.251,2106013.0055138
2022-02-06,166.178,183.994,163.526,174.703,2299377.5526298
2022-02-13,174.841,180.714,170.303,174.841,1737442.224035
2022-02-20,170.578,184.642,169.812,171.678,2080326.232264
2022-02-27,173.407,176.687,147.518,161.464,2376796.2735281
2022-03-06,158.537,171.875,156.199,158.4,2626666.0199572
2022-03-13,155.178,162.328,152.232,160.6,2045665.1757011
2022-03-20,160.718,171.266,157.653,167.081,2109530.8349723
2022-03-27,165.549,183.798,165.196,172.307,2281603.0956525
2022-04-03,171.992,179.535,170.008,172.621,1468472.3436519
2022-04-10,171.875,176.706,167.454,167.828,1171316.0456425
2022-04-17,167.062,172.758,160.049,164.017,1102310.5880773
2022-04-24,164.017,164.96,123.377,125.321,5472987.1440336
2022-05-01,124.732,130.821,117.602,118.819,3482296.8354673
2022-05-08,117.68,123.18,112.318,115.637,2089316.8065384
2022-05-15,115.637,119.546,111.257,118.525,1754054.9318336
2022-05-22,118.348,123.16,112.691,116.246,2318847.2877687
2022-05-29,117.857,119.684,103.989,110.275,2339792.3730913
2022-06-05,111.964,115.873,102.142,102.339,2362569.1733766
2022-06-12,102.732,106.798,88.0586,91.9577,3120803.4584938
2022-06-19,89.964,91.6926,84.8176,88.9131,2505555.9590033
2022-06-26,88.9818,92.9694,86.7917,92.7238,1201932.8710596
2022-07-03,93.0087,99.2944,91.4175,96.2104,1844803.731826
2022-07-10,97.1431,104.089,88.1929,102.998,1900143.9414744
2022-07-17,103.196,105.2,92.281,92.5985,1700348.3290961
2022-07-24,94.2656,98.0362,90.0186,97.7484,1808448.0439331
2022-07-31,96.2501,96.2501,85.8313,90.108,1953540.750198
2022-08-07,88.6096,94.1564,85.732,91.9436,1658466.5425769
2022-08-14,92.7772,95.6547,86.9228,93.2733,1486227.9726592
2022-08-21,94.7319,95.9425,88.2425,88.2425,1247290.7580232
2022-08-28,87.7166,88.2425,81.3661,83.3506,1902837.7673411
2022-09-04,81.6836,85.3351,79.5006,81.3661,1899966.570224
2022-09-11,81.4157,87.1212,76.2162,87.1212,3075850.2830617
2022-09-18,87.3197,91.8841,81.9813,88.0837,6046507.3210954
2022-09-25,94.3648,96.7065,85.3848,89.7904,5122249.9218411
2022-10-02,94.2358,107.661,90.4056,99.4254,5603117.4909648
2022-10-09,99.2269,122.367,95.8532,115.322,6269082.0378747
2022-10-16,114.012,119.866,110.42,112.881,3567092.054756
2022-10-23,113.615,124.907,112.484,117.683,3162552.5752274
2022-10-30,119.072,123.895,116.393,123.041,2951339.6963907
2022-11-06,123.041,138.918,121.751,138.104,2246562.0871531
2022-11-13,138.898,141.894,130.92,139.711,1465420.1078374
2022-11-20,139.91,152.313,139.91,143.879,2380518.7007033
2022-11-27,143.581,144.772,133.996,138.918,1744089.4903717
2022-12-04,138.918,141.517,120.303,126.336,4023439.0562922
2022-12-11,127.685,131.813,124.133,130.364,1686572.8312393
2022-12-18,130.98,141.894,125.681,131.615,2791026.3196941
2022-12-25,131.972,132.547,124.847,128.3,1088796.4444352
2023-01-01,128.995,129.372,124.55,128.638,704854.20136844
2023-01-08,128.003,133.083,125.72,131.535,1610896.782548
2023-01-15,131.575,138.302,127.665,131.118,2461019.0458494
2023-01-22,131.972,133.758,126.217,131.495,1355258.4522136
2023-01-29,131.515,136.239,129.987,132.865,889548.06267625
2023-02-05,132.468,147.392,130.186,145.665,2414798.7182319
2023-02-12,144.474,144.812,134.968,137.568,1725836.3762316
2023-02-19,138.521,141.894,132.269,134.77,1103076.8456811
2023-02-26,135.187,136.675,128.161,128.519,990580.13785642
2023-03-05,128.995,134.552,128.38,129.65,989663.04786815
2023-03-12,130.98,133.758,126.633,127.705,849644.57027459
2023-03-19,127.725,135.246,119.866,129.987,1993672.0034099
2023-03-26,128.995,131.257,108.376,109.745,3820628.1326557
2023-04-02,110.638,123.438,104.704,110.36,3775654.4427475
2023-04-09,110.082,110.142,105.181,105.379,1355320.9352677
2023-04-16,106.47,111.948,103.117,109.884,1422689.7611313
2023-04-23,110.936,112.325,107.006,109.943,1355842.9711072
2023-04-30,110.539,114.309,108.753,112.424,1056710.3883402
2023-05-07,113.218,115.401,110.638,112.027,745209.18422586
2023-05-14,112.573,118.675,109.695,113.962,1429927.7175002
2023-05-21,115.5,115.798,107.711,112.821,1632792.0540701
2023-05-28,113.119,120.362,112.176,117.981,2197025.1187098
2023-06-04,120.114,128.697,118.576,127.457,2709186.6200486
2023-06-11,128.945,132.468,127.06,128.35,2052017.0669054
2023-06-18,133,173,132.95,170,6421712
2023-06-25,169,175.85,152,152,2637724
2023-07-02,151.2,157.8,146.35,154.85,1900263
2023-07-09,155,157.4,140.65,145,1445492
2023-07-16,144.2,158.15,141.8,154.2,1129775
2023-07-23,153.8,161,152.2,159.75,1094185
2023-07-30,157.5,165.5,153.25,164.4,1352988
2023-08-06,164.6,165.5,155.2,163.1,1226016
2023-08-13,162.1,163,155.3,157.25,695596
2023-08-20,156.65,159.45,148.2,154,775762
2023-08-27,154.55,163.35,152.1,156.1,1069704
2023-09-03,157.9,158,145,150.45,1216082
2023-09-10,151,161.2,146.65,154.1,1467327
2023-09-17,155.2,158.5,153.7,154.25,1790005
2023-09-24,154.95,158.45,146.1,148.7,1492480
2023-10-01,150.65,155.8,121.55,125.2,3338552
2023-10-08,126.3,130.75,106.25,107.6,3401431
2023-10-15,107.35,115.2,104.2,105.9,2291589
2023-10-22,108,108.25,101.05,104.6,1936900
2023-10-29,104.75,109,102.85,106.7,1493330
2023-11-05,107.4,110.6,105,110,1275742
2023-11-12,110.9,111.85,106.8,109.2,974373
2023-11-19,109.5,116.45,103.3,113.15,1647075
2023-11-26,113.85,117.95,109.45,111.95,1093926
2023-12-03,112.4,115.65,104.15,111,2836975
2023-12-10,110.45,112.2,106.05,112.15,2037501
2023-12-17,112.15,115.45,111.65,114.4,1855803
2023-12-24,114.4,118.8,112.3,116.5,1758808
2023-12-31,116.5,117.55,114.6,115,790877
2024-01-07,115.05,115.85,107.65,111.1,1511715
2024-01-14,110.8,113.15,107.15,108,1173661
2024-01-21,107.95,108,97.1,99.2,2326249
2024-01-28,100.05,108.6,99.64,105.15,1731090
2024-02-04,105.35,106.55,102.55,104.2,1204850
2024-02-11,104.45,111.45,104.45,111.2,1716727
2024-02-18,111.1,115.05,108.75,114.5,1687669
2024-02-25,113.3,116.35,110.65,114.85,1779102
2024-03-03,114.8,115.75,109.1,110.35,1161079
2024-03-10,110.35,111.15,104.25,110.7,1348872
2024-03-17,112.1,119.65,111.5,116.15,3547377
2024-03-24,116.9,117.9,109.45,114.9,1657449
